"","HR_year","CODE","HR","W","X","Y","OBJECTID","NAME","CITY","STATE","CAPACITY","LATITUDE","LONGITUDE","LEAGUE","TEAM","ZIP.CODE.x","year_plus_1","year_plus_2","year_plus_3","ID","year.x","ZIP.CODE.y","rent","ID2","year.y","City","mean_rent","resid_rent"
"1",2014,"CHA",155,73,-9755333.487,5135525.664,22,"Guaranteed Rate Field","Chicago","IL",40615,41.82984924,-87.63365173,"American","Chicago White Sox","60616",2015,2016,2017,"2015 60616",2015,"60616",1450.4116282664,"2015 Chicago",2015,"Chicago",1536.15011551482,-101.163707657002
"2",2014,"TBA",117,77,-9200940.817,3219771.053,21,"Tropicana Field","Saint Petersburg","FL",34078,27.76812553,-82.65345764,"American","Tampa Bay Rays","33705",2015,2016,2017,"2015 33705",2015,"33705",913.203712548501,"2015 Saint Petersburg",2015,"Saint Petersburg",990.462021336807,-97.8284511044641
"3",2014,"CHN",157,73,-9757782.02,5153202.119,23,"Wrigley Field","Chicago","IL",41160,41.94805908,-87.65564728,"National","Chicago Cubs","60613",2015,2016,2017,"2015 60613",2015,"60613",1430.73821308154,"2015 Chicago",2015,"Chicago",1536.15011551482,-120.837122841862
"4",2014,"COL",186,66,-11687894.27,4830598.852,5,"Coors Field","Denver","CO",50490,39.75635147,-104.9941406,"National","Colorado Rockies","80205",2015,2016,2017,"2015 80205",2015,"80205",1291.64594237657,"2015 Denver",2015,"Denver",1443.93769143148,-168.586377694823
"5",2014,"SDN",109,77,-13041862.42,3856552.673,16,"Petco Park","San Diego","CA",42302,32.70756912,-117.1570435,"National","San Diego Padres","92101",2015,2016,2017,"2015 92101",2015,"92101",1955.31601452013,"2015 San Diego",2015,"San Diego",1830.05766070056,112.604187762652
"6",2015,"BAL",217,81,-8529472.948,4762427.091,14,"Oriole Park at Camden Yards","Baltimore","MD",45363,39.28395081,-76.62155914,"American","Baltimore Orioles","21201",2016,2017,2018,"2016 21201",2016,"21201",1129.84526708354,"2016 Baltimore",2016,"Baltimore",1255.17362862227,-143.402718144986
"7",2015,"CHA",136,76,-9755333.487,5135525.664,22,"Guaranteed Rate Field","Chicago","IL",40615,41.82984924,-87.63365173,"American","Chicago White Sox","60616",2016,2017,2018,"2016 60616",2016,"60616",1511.40254240249,"2016 Chicago",2016,"Chicago",1491.83312966591,3.72635760922107
"8",2015,"MIN",156,83,-10383633.97,5618648.932,26,"Target Field","Minneapolis","MN",39021,44.98175049,-93.277771,"American","Minnesota Twins","55403",2016,2017,2018,"2016 55403",2016,"55403",1232.75371914665,"2016 Minneapolis",2016,"Minneapolis",1247.46160204038,-32.8549509535411
"9",2015,"TBA",167,80,-9200940.817,3219771.053,21,"Tropicana Field","Saint Petersburg","FL",34078,27.76812553,-82.65345764,"American","Tampa Bay Rays","33705",2016,2017,2018,"2016 33705",2016,"33705",963.154077249418,"2016 Saint Petersburg",2016,"Saint Petersburg",1045.01963101634,-101.921309487038
"10",2015,"CHN",171,97,-9757782.02,5153202.119,23,"Wrigley Field","Chicago","IL",41160,41.94805908,-87.65564728,"National","Chicago Cubs","60613",2016,2017,2018,"2016 60613",2016,"60613",1485.49542754931,"2016 Chicago",2016,"Chicago",1491.83312966591,-22.1807572439589
"11",2015,"COL",186,68,-11687894.27,4830598.852,5,"Coors Field","Denver","CO",50490,39.75635147,-104.9941406,"National","Colorado Rockies","80205",2016,2017,2018,"2016 80205",2016,"80205",1401.72683775284,"2016 Denver",2016,"Denver",1447.25053708281,-61.7870934013627
"12",2015,"PHI",130,63,-8367493.542,4852318.158,3,"Citizens Bank Park","Philadelphia","PA",43651,39.90618134,-75.16647339,"National","Philadelphia Phillies","19148",2016,2017,2018,"2016 19148",2016,"19148",1200.65156211213,"2016 Philadelphia",2016,"Philadelphia",1356.93468808231,-173.398046756337
"13",2015,"PIT",140,98,-8906244.649,4931120.362,17,"PNC Park","Pittsburgh","PA",38362,40.44704819,-80.00615692,"National","Pittsburgh Pirates","15212",2016,2017,2018,"2016 15212",2016,"15212",839.535449453748,"2016 Pittsburgh",2016,"Pittsburgh",1158.34462463821,-337.796466614114
"14",2015,"SDN",148,74,-13041862.42,3856552.673,16,"Petco Park","San Diego","CA",42302,32.70756912,-117.1570435,"National","San Diego Padres","92101",2016,2017,2018,"2016 92101",2016,"92101",2039.06830026952,"2016 San Diego",2016,"San Diego",1902.98237846729,124.119313311703
"15",2015,"SFN",136,84,-13624358.44,4548168.349,15,"Oracle Park","San Francisco","CA",41915,37.77840042,-122.3896942,"National","San Francisco Giants","94107",2016,2017,2018,"2016 94107",2016,"94107",3570.22553820889,"2016 San Francisco",2016,"San Francisco",3289.58661972154,281.745658332759
"16",2015,"WAS",177,83,-8572424.612,4703503.452,25,"Nationals Park","Washington","DC",41418,38.87305069,-77.00740051,"National","Washington Nationals","20003",2016,2017,2018,"2016 20003",2016,"20003",2180.84147901345,"2016 Washington",2016,"Washington",2063.69285029485,106.697249964818
"17",2016,"BAL",253,89,-8529472.948,4762427.091,14,"Oriole Park at Camden Yards","Baltimore","MD",45363,39.28395081,-76.62155914,"American","Baltimore Orioles","21201",2017,2018,2019,"2017 21201",2017,"21201",1156.19855850497,"2017 Baltimore",2017,"Baltimore",1246.36089288591,-108.319780278749
"18",2016,"CHA",168,78,-9755333.487,5135525.664,22,"Guaranteed Rate Field","Chicago","IL",40615,41.82984924,-87.63365173,"American","Chicago White Sox","60616",2017,2018,2019,"2017 60616",2017,"60616",1541.01855631044,"2017 Chicago",2017,"Chicago",1496.10183907729,29.1139088636044
"19",2016,"HOU",198,84,-10614929.87,3472375.532,12,"Minute Maid Park","Houston","TX",40963,29.75717926,-95.35553741,"National","Houston Astros","77002",2017,2018,2019,"2017 77002",2017,"77002",1698.4636547355,"2017 Houston",2017,"Houston",1307.86632895326,373.019772810135
"20",2016,"MIN",200,59,-10383633.97,5618648.932,26,"Target Field","Minneapolis","MN",39021,44.98175049,-93.277771,"American","Minnesota Twins","55403",2017,2018,2019,"2017 55403",2017,"55403",1297.62462194339,"2017 Minneapolis",2017,"Minneapolis",1342.10772323061,-61.7378154408827
"21",2016,"TBA",216,68,-9200940.817,3219771.053,21,"Tropicana Field","Saint Petersburg","FL",34078,27.76812553,-82.65345764,"American","Tampa Bay Rays","33705",2017,2018,2019,"2017 33705",2017,"33705",1052.57456686951,"2017 Saint Petersburg",2017,"Saint Petersburg",1117.20942419567,-84.0099845839835
"22",2016,"ATL",122,68,-9402890.843,4014123.028,30,"SunTrust Park","Atlanta","GA",41084,33.89060974,-84.46760559,"National","Atlanta Braves","30339",2017,2018,2019,"2017 30339",2017,"30339",1394.26347157533,"2017 Atlanta",2017,"Atlanta",1342.90337742226,34.1128816816484
"23",2016,"CHN",199,103,-9757782.02,5153202.119,23,"Wrigley Field","Chicago","IL",41160,41.94805908,-87.65564728,"National","Chicago Cubs","60613",2017,2018,2019,"2017 60613",2017,"60613",1515.53071633858,"2017 Chicago",2017,"Chicago",1496.10183907729,3.62606889174434
"24",2016,"CIN",164,68,-9407216.329,4735605.642,8,"Great American Ballpark","Cincinnati","OH",42319,39.09720993,-84.5064621,"National","Cincinnati Reds","45202",2017,2018,2019,"2017 45202",2017,"45202",1293.99463440317,"2017 Cincinnati",2017,"Cincinnati",932.123540515056,340.750917713357
"25",2016,"COL",204,75,-11687894.27,4830598.852,5,"Coors Field","Denver","CO",50490,39.75635147,-104.9941406,"National","Colorado Rockies","80205",2017,2018,2019,"2017 80205",2017,"80205",1459.69802918692,"2017 Denver",2017,"Denver",1507.11670973824,-63.1176371968204
"26",2016,"MIA",128,79,-8929997.031,2971622.239,28,"Marlins Park","Miami","FL",37000,25.77808952,-80.2195282,"National","Miami Marlins","33125",2017,2018,2019,"2017 33125",2017,"33125",1418.75674064548,"2017 Miami",2017,"Miami",1730.17395051544,-325.013111497475
"27",2016,"PHI",161,71,-8367493.542,4852318.158,3,"Citizens Bank Park","Philadelphia","PA",43651,39.90618134,-75.16647339,"National","Philadelphia Phillies","19148",2017,2018,2019,"2017 19148",2017,"19148",1248.70051077811,"2017 Philadelphia",2017,"Philadelphia",1359.67049834451,-128.059114258277
"28",2016,"PIT",153,78,-8906244.649,4931120.362,17,"PNC Park","Pittsburgh","PA",38362,40.44704819,-80.00615692,"National","Pittsburgh Pirates","15212",2017,2018,2019,"2017 15212",2017,"15212",842.133331687045,"2017 Pittsburgh",2017,"Pittsburgh",1084.16622961737,-261.719566996545
"29",2016,"SDN",177,68,-13041862.42,3856552.673,16,"Petco Park","San Diego","CA",42302,32.70756912,-117.1570435,"National","San Diego Padres","92101",2017,2018,2019,"2017 92101",2017,"92101",2115.40960053012,"2017 San Diego",2017,"San Diego",1964.94231764023,139.084852525742
"30",2016,"SFN",130,87,-13624358.44,4548168.349,15,"Oracle Park","San Francisco","CA",41915,37.77840042,-122.3896942,"National","San Francisco Giants","94107",2017,2018,2019,"2017 94107",2017,"94107",3610.27826983935,"2017 San Francisco",2017,"San Francisco",3300.37247956599,311.114222655583
"31",2016,"WAS",203,95,-8572424.612,4703503.452,25,"Nationals Park","Washington","DC",41418,38.87305069,-77.00740051,"National","Washington Nationals","20003",2017,2018,2019,"2017 20003",2017,"20003",2197.55228914039,"2017 Washington",2017,"Washington",2092.42673674741,94.9450859121145
"32",2017,"BAL",232,75,-8529472.948,4762427.091,14,"Oriole Park at Camden Yards","Baltimore","MD",45363,39.28395081,-76.62155914,"American","Baltimore Orioles","21201",2018,2019,2020,"2018 21201",2018,"21201",1169.87535758067,"2018 Baltimore",2018,"Baltimore",1247.85370098738,-96.1217146322163
"33",2017,"CHA",186,67,-9755333.487,5135525.664,22,"Guaranteed Rate Field","Chicago","IL",40615,41.82984924,-87.63365173,"American","Chicago White Sox","60616",2018,2019,2020,"2018 60616",2018,"60616",1563.60930958182,"2018 Chicago",2018,"Chicago",1531.9321552563,16.2121656383683
"34",2017,"HOU",238,101,-10614929.87,3472375.532,12,"Minute Maid Park","Houston","TX",40963,29.75717926,-95.35553741,"National","Houston Astros","77002",2018,2019,2020,"2018 77002",2018,"77002",1761.58775751581,"2018 Houston",2018,"Houston",1356.29909608769,388.167748077316
"35",2017,"MIN",206,85,-10383633.97,5618648.932,26,"Target Field","Minneapolis","MN",39021,44.98175049,-93.277771,"American","Minnesota Twins","55403",2018,2019,2020,"2018 55403",2018,"55403",1300.39485390402,"2018 Minneapolis",2018,"Minneapolis",1410.74202562419,-126.954779716006
"36",2017,"TBA",228,80,-9200940.817,3219771.053,21,"Tropicana Field","Saint Petersburg","FL",34078,27.76812553,-82.65345764,"American","Tampa Bay Rays","33705",2018,2019,2020,"2018 33705",2018,"33705",1146.33816207087,"2018 Saint Petersburg",2018,"Saint Petersburg",1200.55798354092,-72.8091118486824
"37",2017,"ATL",165,72,-9402890.843,4014123.028,30,"SunTrust Park","Atlanta","GA",41084,33.89060974,-84.46760559,"National","Atlanta Braves","30339",2018,2019,2020,"2018 30339",2018,"30339",1445.89984343964,"2018 Atlanta",2018,"Atlanta",1428.66863797686,0.792615302607456
"38",2017,"CHN",223,92,-9757782.02,5153202.119,23,"Wrigley Field","Chicago","IL",41160,41.94805908,-87.65564728,"National","Chicago Cubs","60613",2018,2019,2020,"2018 60613",2018,"60613",1539.36184308965,"2018 Chicago",2018,"Chicago",1531.9321552563,-8.03530085380185
"39",2017,"CIN",219,68,-9407216.329,4735605.642,8,"Great American Ballpark","Cincinnati","OH",42319,39.09720993,-84.5064621,"National","Cincinnati Reds","45202",2018,2019,2020,"2018 45202",2018,"45202",1325.05825539503,"2018 Cincinnati",2018,"Cincinnati",1019.41996811318,285.341169751022
"40",2017,"COL",192,87,-11687894.27,4830598.852,5,"Coors Field","Denver","CO",50490,39.75635147,-104.9941406,"National","Colorado Rockies","80205",2018,2019,2020,"2018 80205",2018,"80205",1549.7755299285,"2018 Denver",2018,"Denver",1559.70327402219,-25.1308977896398
"41",2017,"MIA",194,77,-8929997.031,2971622.239,28,"Marlins Park","Miami","FL",37000,25.77808952,-80.2195282,"National","Miami Marlins","33125",2018,2019,2020,"2018 33125",2018,"33125",1449.33855345459,"2018 Miami",2018,"Miami",1757.62402541004,-321.622565496076
"42",2017,"PHI",174,66,-8367493.542,4852318.158,3,"Citizens Bank Park","Philadelphia","PA",43651,39.90618134,-75.16647339,"National","Philadelphia Phillies","19148",2018,2019,2020,"2018 19148",2018,"19148",1292.32133147351,"2018 Philadelphia",2018,"Philadelphia",1394.9972684316,-119.431991561192
"43",2017,"PIT",151,75,-8906244.649,4931120.362,17,"PNC Park","Pittsburgh","PA",38362,40.44704819,-80.00615692,"National","Pittsburgh Pirates","15212",2018,2019,2020,"2018 15212",2018,"15212",887.156211491324,"2018 Pittsburgh",2018,"Pittsburgh",1097.69189831393,-230.094831557744
"44",2017,"SDN",189,71,-13041862.42,3856552.673,16,"Petco Park","San Diego","CA",42302,32.70756912,-117.1570435,"National","San Diego Padres","92101",2018,2019,2020,"2018 92101",2018,"92101",2201.88060491733,"2018 San Diego",2018,"San Diego",2057.96663947031,133.408598145865
"45",2017,"SFN",128,64,-13624358.44,4548168.349,15,"Oracle Park","San Francisco","CA",41915,37.77840042,-122.3896942,"National","San Francisco Giants","94107",2018,2019,2020,"2018 94107",2018,"94107",3741.8723383048,"2018 San Francisco",2018,"San Francisco",3360.80486159814,382.845684917899
"46",2017,"WAS",215,97,-8572424.612,4703503.452,25,"Nationals Park","Washington","DC",41418,38.87305069,-77.00740051,"National","Washington Nationals","20003",2018,2019,2020,"2018 20003",2018,"20003",2235.43869816043,"2018 Washington",2018,"Washington",2124.28533953468,101.273265242944
"47",2018,"BAL",188,47,-8529472.948,4762427.091,14,"Oriole Park at Camden Yards","Baltimore","MD",45363,39.28395081,-76.62155914,"American","Baltimore Orioles","21201",2019,2020,2021,"2019 21201",2019,"21201",1181.59564563582,"2019 Baltimore",2019,"Baltimore",1262.09967314246,-98.5130831496483
"48",2018,"CHA",182,62,-9755333.487,5135525.664,22,"Guaranteed Rate Field","Chicago","IL",40615,41.82984924,-87.63365173,"American","Chicago White Sox","60616",2019,2020,2021,"2019 60616",2019,"60616",1616.10207430545,"2019 Chicago",2019,"Chicago",1561.61363615224,39.303295962512
"49",2018,"HOU",205,103,-10614929.87,3472375.532,12,"Minute Maid Park","Houston","TX",40963,29.75717926,-95.35553741,"National","Houston Astros","77002",2019,2020,2021,"2019 77002",2019,"77002",1680.82823746442,"2019 Houston",2019,"Houston",1358.81877968572,304.912300810862
"50",2018,"MIN",166,78,-10383633.97,5618648.932,26,"Target Field","Minneapolis","MN",39021,44.98175049,-93.277771,"American","Minnesota Twins","55403",2019,2020,2021,"2019 55403",2019,"55403",1366.20337273616,"2019 Minneapolis",2019,"Minneapolis",1535.91909871357,-185.143124486295
"51",2018,"TBA",150,90,-9200940.817,3219771.053,21,"Tropicana Field","Saint Petersburg","FL",34078,27.76812553,-82.65345764,"American","Tampa Bay Rays","33705",2019,2020,2021,"2019 33705",2019,"33705",1219.70142676005,"2019 Saint Petersburg",2019,"Saint Petersburg",1269.20960235252,-67.4501965485411
"52",2018,"ARI",176,82,-12475219.44,3954556.422,2,"Chase Field","Phoenix","AZ",48633,33.44527054,-112.066803,"National","Arizona Diamondbacks","85004",2019,2020,2021,"2019 85004",2019,"85004",1372.38589453815,"2019 Phoenix",2019,"Phoenix",1154.20613202531,199.153452051014
"53",2018,"ATL",175,90,-9402890.843,4014123.028,30,"SunTrust Park","Atlanta","GA",41084,33.89060974,-84.46760559,"National","Atlanta Braves","30339",2019,2020,2021,"2019 30339",2019,"30339",1473.24289869531,"2019 Atlanta",2019,"Atlanta",1499.93677901291,-42.4605316467086
"54",2018,"CHN",167,95,-9757782.02,5153202.119,23,"Wrigley Field","Chicago","IL",41160,41.94805908,-87.65564728,"National","Chicago Cubs","60613",2019,2020,2021,"2019 60613",2019,"60613",1568.93864392938,"2019 Chicago",2019,"Chicago",1561.61363615224,-7.86013441355795
"55",2018,"CIN",172,67,-9407216.329,4735605.642,8,"Great American Ballpark","Cincinnati","OH",42319,39.09720993,-84.5064621,"National","Cincinnati Reds","45202",2019,2020,2021,"2019 45202",2019,"45202",1408.39078906049,"2019 Cincinnati",2019,"Cincinnati",1095.05162515884,293.755125826631
"56",2018,"COL",210,91,-11687894.27,4830598.852,5,"Coors Field","Denver","CO",50490,39.75635147,-104.9941406,"National","Colorado Rockies","80205",2019,2020,2021,"2019 80205",2019,"80205",1635.91766761304,"2019 Denver",2019,"Denver",1619.25888669166,2.01713659242702
"57",2018,"MIA",128,63,-8929997.031,2971622.239,28,"Marlins Park","Miami","FL",37000,25.77808952,-80.2195282,"National","Miami Marlins","33125",2019,2020,2021,"2019 33125",2019,"33125",1509.25103391265,"2019 Miami",2019,"Miami",1802.98498911136,-306.643371063416
"58",2018,"PHI",186,80,-8367493.542,4852318.158,3,"Citizens Bank Park","Philadelphia","PA",43651,39.90618134,-75.16647339,"National","Philadelphia Phillies","19148",2019,2020,2021,"2019 19148",2019,"19148",1336.16169687643,"2019 Philadelphia",2019,"Philadelphia",1447.10634595466,-127.209402629705
"59",2018,"PIT",157,82,-8906244.649,4931120.362,17,"PNC Park","Pittsburgh","PA",38362,40.44704819,-80.00615692,"National","Pittsburgh Pirates","15212",2019,2020,2021,"2019 15212",2019,"15212",952.229694838336,"2019 Pittsburgh",2019,"Pittsburgh",1151.90260704577,-218.720941039625
"60",2018,"SDN",162,66,-13041862.42,3856552.673,16,"Petco Park","San Diego","CA",42302,32.70756912,-117.1570435,"National","San Diego Padres","92101",2019,2020,2021,"2019 92101",2019,"92101",2274.33924430931,"2019 San Diego",2019,"San Diego",2113.15460976574,151.19959707999
"61",2018,"SFN",133,73,-13624358.44,4548168.349,15,"Oracle Park","San Francisco","CA",41915,37.77840042,-122.3896942,"National","San Francisco Giants","94107",2019,2020,2021,"2019 94107",2019,"94107",3752.05460424846,"2019 San Francisco",2019,"San Francisco",3364.17298818542,389.691580049146
"62",2018,"WAS",191,82,-8572424.612,4703503.452,25,"Nationals Park","Washington","DC",41418,38.87305069,-77.00740051,"National","Washington Nationals","20003",2019,2020,2021,"2019 20003",2019,"20003",2321.32285193896,"2019 Washington",2019,"Washington",2139.50857325454,172.077714818766
"63",2019,"BAL",213,54,-8529472.948,4762427.091,14,"Oriole Park at Camden Yards","Baltimore","MD",45363,39.28395081,-76.62155914,"American","Baltimore Orioles","21201",2020,2021,2022,"2020 21201",2020,"21201",1189.04663993335,"2020 Baltimore",2020,"Baltimore",1291.72503725656,-120.408135556732
"64",2019,"CHA",182,72,-9755333.487,5135525.664,22,"Guaranteed Rate Field","Chicago","IL",40615,41.82984924,-87.63365173,"American","Chicago White Sox","60616",2020,2021,2022,"2020 60616",2020,"60616",1610.33134100511,"2020 Chicago",2020,"Chicago",1550.5687466712,44.4733173921208
"65",2019,"HOU",288,107,-10614929.87,3472375.532,12,"Minute Maid Park","Houston","TX",40963,29.75717926,-95.35553741,"National","Houston Astros","77002",2020,2021,2022,"2020 77002",2020,"77002",1657.25470756032,"2020 Houston",2020,"Houston",1352.67258450987,287.427017788436
"66",2019,"MIN",307,101,-10383633.97,5618648.932,26,"Target Field","Minneapolis","MN",39021,44.98175049,-93.277771,"American","Minnesota Twins","55403",2020,2021,2022,"2020 55403",2020,"55403",1342.54303069724,"2020 Minneapolis",2020,"Minneapolis",1501.43750401988,-174.646975336328
"67",2019,"TBA",217,96,-9200940.817,3219771.053,21,"Tropicana Field","Saint Petersburg","FL",34078,27.76812553,-82.65345764,"American","Tampa Bay Rays","33705",2020,2021,2022,"2020 33705",2020,"33705",1332.62820602212,"2020 Saint Petersburg",2020,"Saint Petersburg",1337.80089485267,-22.468009139832
"68",2019,"ARI",220,85,-12475219.44,3954556.422,2,"Chase Field","Phoenix","AZ",48633,33.44527054,-112.066803,"National","Arizona Diamondbacks","85004",2020,2021,2022,"2020 85004",2020,"85004",1491.35873926604,"2020 Phoenix",2020,"Phoenix",1248.4554181913,224.765623031508
"69",2019,"ATL",249,97,-9402890.843,4014123.028,30,"SunTrust Park","Atlanta","GA",41084,33.89060974,-84.46760559,"National","Atlanta Braves","30339",2020,2021,2022,"2020 30339",2020,"30339",1455.19512079912,"2020 Atlanta",2020,"Atlanta",1535.79163705874,-96.0251165177633
"70",2019,"CHN",256,84,-9757782.02,5153202.119,23,"Wrigley Field","Chicago","IL",41160,41.94805908,-87.65564728,"National","Chicago Cubs","60613",2020,2021,2022,"2020 60613",2020,"60613",1564.75308734875,"2020 Chicago",2020,"Chicago",1550.5687466712,-1.10493626423937
"71",2019,"CIN",227,75,-9407216.329,4735605.642,8,"Great American Ballpark","Cincinnati","OH",42319,39.09720993,-84.5064621,"National","Cincinnati Reds","45202",2020,2021,2022,"2020 45202",2020,"45202",1461.49954194345,"2020 Cincinnati",2020,"Cincinnati",1141.14939994597,301.200728488998
"72",2019,"COL",224,71,-11687894.27,4830598.852,5,"Coors Field","Denver","CO",50490,39.75635147,-104.9941406,"National","Colorado Rockies","80205",2020,2021,2022,"2020 80205",2020,"80205",1634.50517564892,"2020 Denver",2020,"Denver",1641.08362700918,-21.0143250561604
"73",2019,"MIA",146,57,-8929997.031,2971622.239,28,"Marlins Park","Miami","FL",37000,25.77808952,-80.2195282,"National","Miami Marlins","33125",2020,2021,2022,"2020 33125",2020,"33125",1538.13752066004,"2020 Miami",2020,"Miami",1833.24210126657,-307.728722739145
"74",2019,"PHI",215,81,-8367493.542,4852318.158,3,"Citizens Bank Park","Philadelphia","PA",43651,39.90618134,-75.16647339,"National","Philadelphia Phillies","19148",2020,2021,2022,"2020 19148",2020,"19148",1373.63540167968,"2020 Philadelphia",2020,"Philadelphia",1468.35272526825,-110.781759479544
"75",2019,"PIT",163,69,-8906244.649,4931120.362,17,"PNC Park","Pittsburgh","PA",38362,40.44704819,-80.00615692,"National","Pittsburgh Pirates","15212",2020,2021,2022,"2020 15212",2020,"15212",969.498194672797,"2020 Pittsburgh",2020,"Pittsburgh",1218.07538348621,-267.001319541858
"76",2019,"SDN",219,70,-13041862.42,3856552.673,16,"Petco Park","San Diego","CA",42302,32.70756912,-117.1570435,"National","San Diego Padres","92101",2020,2021,2022,"2020 92101",2020,"92101",2284.29760791476,"2020 San Diego",2020,"San Diego",2170.39879761354,104.453489352036
"77",2019,"SFN",167,77,-13624358.44,4548168.349,15,"Oracle Park","San Francisco","CA",41915,37.77840042,-122.3896942,"National","San Francisco Giants","94107",2020,2021,2022,"2020 94107",2020,"94107",3467.33825661729,"2020 San Francisco",2020,"San Francisco",3160.00975015731,307.213554129862
"78",2019,"WAS",231,93,-8572424.612,4703503.452,25,"Nationals Park","Washington","DC",41418,38.87305069,-77.00740051,"National","Washington Nationals","20003",2020,2021,2022,"2020 20003",2020,"20003",2302.22458823348,"2020 Washington",2020,"Washington",2110.73501050678,181.481727507315
"79",2020,"BAL",77,25,-8529472.948,4762427.091,14,"Oriole Park at Camden Yards","Baltimore","MD",45363,39.28395081,-76.62155914,"American","Baltimore Orioles","21201",2021,2022,2023,"2021 21201",2021,"21201",1261.67238178572,"2021 Baltimore",2021,"Baltimore",1398.11441519752,-153.168698558078
"80",2020,"CHA",96,35,-9755333.487,5135525.664,22,"Guaranteed Rate Field","Chicago","IL",40615,41.82984924,-87.63365173,"American","Chicago White Sox","60616",2021,2022,2023,"2021 60616",2021,"60616",1634.74143377052,"2021 Chicago",2021,"Chicago",1529.11231954378,90.1375392264747
"81",2020,"CLE",59,35,-9093165.456,5085747.713,9,"Progressive Field","Cleveland","OH",43441,41.49578857,-81.6852951,"American","Cleveland Indians","44115",2021,2022,2023,"2021 44115",2021,"44115",1657.72540680254,"2021 Cleveland",2021,"Cleveland",1164.93289934475,473.867332389545
"82",2020,"HOU",69,29,-10614929.87,3472375.532,12,"Minute Maid Park","Houston","TX",40963,29.75717926,-95.35553741,"National","Houston Astros","77002",2021,2022,2023,"2021 77002",2021,"77002",1701.93608022957,"2021 Houston",2021,"Houston",1401.55463209558,283.687218453089
"83",2020,"MIN",91,36,-10383633.97,5618648.932,26,"Target Field","Minneapolis","MN",39021,44.98175049,-93.277771,"American","Minnesota Twins","55403",2021,2022,2023,"2021 55403",2021,"55403",1291.545975997,"2021 Minneapolis",2021,"Minneapolis",1453.44270680323,-178.101743120735
"84",2020,"TBA",80,40,-9200940.817,3219771.053,21,"Tropicana Field","Saint Petersburg","FL",34078,27.76812553,-82.65345764,"American","Tampa Bay Rays","33705",2021,2022,2023,"2021 33705",2021,"33705",1610.40980094756,"2021 Saint Petersburg",2021,"Saint Petersburg",1546.7201636254,48.3640747083316
"85",2020,"TEX",62,22,-10807180.04,3862330.048,20,"Global Life Park in Arlington","Arlington","TX",48114,32.75122833,-97.08255005,"American","Texas Rangers","76011",2021,2022,2023,"2021 76011",2021,"76011",1423.56032102149,"2021 Arlington",2021,"Arlington",1865.95243144493,-454.707849099699
"86",2020,"ARI",58,25,-12475219.44,3954556.422,2,"Chase Field","Phoenix","AZ",48633,33.44527054,-112.066803,"National","Arizona Diamondbacks","85004",2021,2022,2023,"2021 85004",2021,"85004",1644.44443976385,"2021 Phoenix",2021,"Phoenix",1464.98574316485,163.362515723718
"87",2020,"ATL",103,35,-9402890.843,4014123.028,30,"SunTrust Park","Atlanta","GA",41084,33.89060974,-84.46760559,"National","Atlanta Braves","30339",2021,2022,2023,"2021 30339",2021,"30339",1638.22118413806,"2021 Atlanta",2021,"Atlanta",1687.92557744413,-63.6986261093807
"88",2020,"CHN",74,34,-9757782.02,5153202.119,23,"Wrigley Field","Chicago","IL",41160,41.94805908,-87.65564728,"National","Chicago Cubs","60613",2021,2022,2023,"2021 60613",2021,"60613",1568.42187094717,"2021 Chicago",2021,"Chicago",1529.11231954378,23.8179764031248
"89",2020,"CIN",90,31,-9407216.329,4735605.642,8,"Great American Ballpark","Cincinnati","OH",42319,39.09720993,-84.5064621,"National","Cincinnati Reds","45202",2021,2022,2023,"2021 45202",2021,"45202",1490.77231523036,"2021 Cincinnati",2021,"Cincinnati",1127.28717295227,344.205031259236
"90",2020,"COL",63,26,-11687894.27,4830598.852,5,"Coors Field","Denver","CO",50490,39.75635147,-104.9941406,"National","Colorado Rockies","80205",2021,2022,2023,"2021 80205",2021,"80205",1748.30932083387,"2021 Denver",2021,"Denver",1740.83701566881,-6.02306167326448
"91",2020,"MIA",60,31,-8929997.031,2971622.239,28,"Marlins Park","Miami","FL",37000,25.77808952,-80.2195282,"National","Miami Marlins","33125",2021,2022,2023,"2021 33125",2021,"33125",1716.8901615304,"2021 Miami",2021,"Miami",2126.26273138515,-419.23401975465
"92",2020,"PHI",82,28,-8367493.542,4852318.158,3,"Citizens Bank Park","Philadelphia","PA",43651,39.90618134,-75.16647339,"National","Philadelphia Phillies","19148",2021,2022,2023,"2021 19148",2021,"19148",1444.93421951178,"2021 Philadelphia",2021,"Philadelphia",1515.72919134557,-86.4127272477206
"93",2020,"PIT",59,19,-8906244.649,4931120.362,17,"PNC Park","Pittsburgh","PA",38362,40.44704819,-80.00615692,"National","Pittsburgh Pirates","15212",2021,2022,2023,"2021 15212",2021,"15212",1027.02950589894,"2021 Pittsburgh",2021,"Pittsburgh",1291.20643324871,-281.911555147775
"94",2020,"SDN",95,37,-13041862.42,3856552.673,16,"Petco Park","San Diego","CA",42302,32.70756912,-117.1570435,"National","San Diego Padres","92101",2021,2022,2023,"2021 92101",2021,"92101",2482.39132333157,"2021 San Diego",2021,"San Diego",2430.37095248524,45.0261505336305
"95",2020,"SFN",81,29,-13624358.44,4548168.349,15,"Oracle Park","San Francisco","CA",41915,37.77840042,-122.3896942,"National","San Francisco Giants","94107",2021,2022,2023,"2021 94107",2021,"94107",3216.62099598458,"2021 San Francisco",2021,"San Francisco",2992.05139418259,222.871084364927
"96",2020,"WAS",66,26,-8572424.612,4703503.452,25,"Nationals Park","Washington","DC",41418,38.87305069,-77.00740051,"National","Washington Nationals","20003",2021,2022,2023,"2021 20003",2021,"20003",2283.75267923749,"2021 Washington",2021,"Washington",2076.09482389273,197.323406365216
"97",2021,"BAL",195,52,-8529472.948,4762427.091,14,"Oriole Park at Camden Yards","Baltimore","MD",45363,39.28395081,-76.62155914,"American","Baltimore Orioles","21201",2022,2023,2024,"2022 21201",2022,"21201",1330.14666007677,"2022 Baltimore",2022,"Baltimore",1479.12048421985,-164.936738158248
"98",2021,"CHA",190,93,-9755333.487,5135525.664,22,"Guaranteed Rate Field","Chicago","IL",40615,41.82984924,-87.63365173,"American","Chicago White Sox","60616",2022,2023,2024,"2022 60616",2022,"60616",1740.64145171681,"2022 Chicago",2022,"Chicago",1639.52826586346,86.6626477150412
"99",2021,"CLE",203,80,-9093165.456,5085747.713,9,"Progressive Field","Cleveland","OH",43441,41.49578857,-81.6852951,"American","Cleveland Indians","44115",2022,2023,2024,"2022 44115",2022,"44115",1660.52333104374,"2022 Cleveland",2022,"Cleveland",1195.28318441744,446.601123754216
"100",2021,"DET",179,77,-9244953.258,5211938.088,4,"Comerica Park","Detroit","MI",41681,42.33927917,-83.04882813,"American","Detroit Tigers","48201",2022,2023,2024,"2022 48201",2022,"48201",1387.48910442964,"2022 Detroit",2022,"Detroit",1287.45551042627,82.263601305145
"101",2021,"HOU",221,95,-10614929.87,3472375.532,12,"Minute Maid Park","Houston","TX",40963,29.75717926,-95.35553741,"National","Houston Astros","77002",2022,2023,2024,"2022 77002",2022,"77002",1763.49543542786,"2022 Houston",2022,"Houston",1497.65505428978,250.052216978396
"102",2021,"LAA",190,77,-13122643.62,4002019.714,1,"Angel Stadium","Anaheim","CA",45050,33.80030823,-117.8827133,"American","Los Angeles Angels","92806",2022,2023,2024,"2022 92806",2022,"92806",2107.24151749405,"2022 Anaheim",2022,"Anaheim",2429.78588584442,-329.544104858519
"103",2021,"MIN",228,73,-10383633.97,5618648.932,26,"Target Field","Minneapolis","MN",39021,44.98175049,-93.277771,"American","Minnesota Twins","55403",2022,2023,2024,"2022 55403",2022,"55403",1334.01327932498,"2022 Minneapolis",2022,"Minneapolis",1597.26074846774,-278.096518955687
"104",2021,"TBA",222,100,-9200940.817,3219771.053,21,"Tropicana Field","Saint Petersburg","FL",34078,27.76812553,-82.65345764,"American","Tampa Bay Rays","33705",2022,2023,2024,"2022 33705",2022,"33705",1963.05882390293,"2022 Saint Petersburg",2022,"Saint Petersburg",1863.56600859806,87.1545766706397
"105",2021,"TEX",167,60,-10807180.04,3862330.048,20,"Global Life Park in Arlington","Arlington","TX",48114,32.75122833,-97.08255005,"American","Texas Rangers","76011",2022,2023,2024,"2022 76011",2022,"76011",1646.28890663658,"2022 Arlington",2022,"Arlington",2006.85465468354,-371.553015490469
"106",2021,"ARI",144,52,-12475219.44,3954556.422,2,"Chase Field","Phoenix","AZ",48633,33.44527054,-112.066803,"National","Arizona Diamondbacks","85004",2022,2023,2024,"2022 85004",2022,"85004",1822.4392000975,"2022 Phoenix",2022,"Phoenix",1654.58654028776,153.544095899564
"107",2021,"ATL",239,88,-9402890.843,4014123.028,30,"SunTrust Park","Atlanta","GA",41084,33.89060974,-84.46760559,"National","Atlanta Braves","30339",2022,2023,2024,"2022 30339",2022,"30339",1808.36177442678,"2022 Atlanta",2022,"Atlanta",1831.33732659125,-35.6176531220244
"108",2021,"CHN",210,71,-9757782.02,5153202.119,23,"Wrigley Field","Chicago","IL",41160,41.94805908,-87.65564728,"National","Chicago Cubs","60613",2022,2023,2024,"2022 60613",2022,"60613",1719.37736946066,"2022 Chicago",2022,"Chicago",1639.52826586346,65.3985654588912
"109",2021,"CIN",222,83,-9407216.329,4735605.642,8,"Great American Ballpark","Cincinnati","OH",42319,39.09720993,-84.5064621,"National","Cincinnati Reds","45202",2022,2023,2024,"2022 45202",2022,"45202",1620.75873223091,"2022 Cincinnati",2022,"Cincinnati",1228.84804158248,373.588127986492
"110",2021,"COL",182,74,-11687894.27,4830598.852,5,"Coors Field","Denver","CO",50490,39.75635147,-104.9941406,"National","Colorado Rockies","80205",2022,2023,2024,"2022 80205",2022,"80205",1912.72452886818,"2022 Denver",2022,"Denver",1902.11395839032,-1.36422575494033
"111",2021,"MIA",158,67,-8929997.031,2971622.239,28,"Marlins Park","Miami","FL",37000,25.77808952,-80.2195282,"National","Miami Marlins","33125",2022,2023,2024,"2022 33125",2022,"33125",2207.93736520438,"2022 Miami",2022,"Miami",2607.87114330782,-405.254469838002
"112",2021,"MIL",194,95,-9792907.383,5316252.693,11,"American Family Field","Milwaukee","WI",41900,43.02811813,-87.97118378,"National","Milwaukee Brewers","53214",2022,2023,2024,"2022 53214",2022,"53214",1097.57964393921,"2022 Milwaukee",2022,"Milwaukee",1109.23108987296,-31.1017954796917
"113",2021,"PHI",198,82,-8367493.542,4852318.158,3,"Citizens Bank Park","Philadelphia","PA",43651,39.90618134,-75.16647339,"National","Philadelphia Phillies","19148",2022,2023,2024,"2022 19148",2022,"19148",1561.67359444941,"2022 Philadelphia",2022,"Philadelphia",1516.4036674112,29.658530800374
"114",2021,"PIT",124,61,-8906244.649,4931120.362,17,"PNC Park","Pittsburgh","PA",38362,40.44704819,-80.00615692,"National","Pittsburgh Pirates","15212",2022,2023,2024,"2022 15212",2022,"15212",1146.85781624957,"2022 Pittsburgh",2022,"Pittsburgh",1350.16226698087,-220.483224069978
"115",2021,"SDN",180,79,-13041862.42,3856552.673,16,"Petco Park","San Diego","CA",42302,32.70756912,-117.1570435,"National","San Diego Padres","92101",2022,2023,2024,"2022 92101",2022,"92101",2802.5047662035,"2022 San Diego",2022,"San Diego",2827.45689526002,-28.2024960801945
"116",2021,"SFN",241,107,-13624358.44,4548168.349,15,"Oracle Park","San Francisco","CA",41915,37.77840042,-122.3896942,"National","San Francisco Giants","94107",2022,2023,2024,"2022 94107",2022,"94107",3458.44423436384,"2022 San Francisco",2022,"San Francisco",3209.70721759825,249.090628055818
"117",2021,"WAS",182,65,-8572424.612,4703503.452,25,"Nationals Park","Washington","DC",41418,38.87305069,-77.00740051,"National","Washington Nationals","20003",2022,2023,2024,"2022 20003",2022,"20003",2443.53831694999,"2022 Washington",2022,"Washington",2150.22271010457,283.680059289238
"118",2022,"BAL",171,83,-8529472.948,4762427.091,14,"Oriole Park at Camden Yards","Baltimore","MD",45363,39.28395081,-76.62155914,"American","Baltimore Orioles","21201",2023,2024,2025,"2023 21201",2023,"21201",1351.09561102408,"2023 Baltimore",2023,"Baltimore",1544.08436823888,-208.33917095068
"119",2022,"CHA",149,81,-9755333.487,5135525.664,22,"Guaranteed Rate Field","Chicago","IL",40615,41.82984924,-87.63365173,"American","Chicago White Sox","60616",2023,2024,2025,"2023 60616",2023,"60616",1812.08456920974,"2023 Chicago",2023,"Chicago",1733.57139270399,64.9493070499681
"120",2022,"CLE",127,92,-9093165.456,5085747.713,9,"Progressive Field","Cleveland","OH",43441,41.49578857,-81.6852951,"American","Cleveland Indians","44115",2023,2024,2025,"2023 44115",2023,"44115",1765.07847364793,"2023 Cleveland",2023,"Cleveland",1255.95011809636,491.061319936456
"121",2022,"DET",110,66,-9244953.258,5211938.088,4,"Comerica Park","Detroit","MI",41681,42.33927917,-83.04882813,"American","Detroit Tigers","48201",2023,2024,2025,"2023 48201",2023,"48201",1422.69430639169,"2023 Detroit",2023,"Detroit",1272.39508560008,132.387233590566
"122",2022,"HOU",214,106,-10614929.87,3472375.532,12,"Minute Maid Park","Houston","TX",40963,29.75717926,-95.35553741,"National","Houston Astros","77002",2023,2024,2025,"2023 77002",2023,"77002",1742.86469564068,"2023 Houston",2023,"Houston",1527.26368457338,200.092006545198
"123",2022,"KCA",138,65,-10517513.42,4729071.198,10,"Kauffman Stadium","Kansas City","MO",37903,39.05163956,-94.4804306,"American","Kansas City Royals","64129",2023,2024,2025,"2023 64129",2023,"64129",1089.22253312596,"2023 Kansas City",2023,"Kansas City",1294.02650894211,-222.512015038423
"124",2022,"LAA",190,73,-13122643.62,4002019.714,1,"Angel Stadium","Anaheim","CA",45050,33.80030823,-117.8827133,"American","Los Angeles Angels","92806",2023,2024,2025,"2023 92806",2023,"92806",2197.27436436922,"2023 Anaheim",2023,"Anaheim",2532.72381940433,-341.478659777684
"125",2022,"MIN",178,78,-10383633.97,5618648.932,26,"Target Field","Minneapolis","MN",39021,44.98175049,-93.277771,"American","Minnesota Twins","55403",2023,2024,2025,"2023 55403",2023,"55403",1329.90014412572,"2023 Minneapolis",2023,"Minneapolis",1630.12159848724,-314.760681568875
"126",2022,"NYA",254,99,-8229431.283,4987244.779,24,"Yankee Stadium","New York","NY",49642,40.82963181,-73.92623901,"American","New York Yankees","10451",2023,2024,2025,"2023 10451",2023,"10451",2848.95415558593,"2023 New York",2023,"New York",3073.16162762325,-225.141256247824
"127",2022,"OAK",137,60,-13603311.08,4544395.79,29,"Oakland–Alameda County Coliseum","Oakland","CA",63026,37.7516098,-122.2006226,"American","Oakland Athletics","94621",2023,2024,2025,"2023 94621",2023,"94621",2509.42712951216,"2023 Oakland",2023,"Oakland",2454.33306433321,48.3257673217896
"128",2022,"TBA",139,86,-9200940.817,3219771.053,21,"Tropicana Field","Saint Petersburg","FL",34078,27.76812553,-82.65345764,"American","Tampa Bay Rays","33705",2023,2024,2025,"2023 33705",2023,"33705",2098.01669623754,"2023 Saint Petersburg",2023,"Saint Petersburg",1979.08255486461,107.685029688538
"129",2022,"TEX",198,68,-10807180.04,3862330.048,20,"Global Life Park in Arlington","Arlington","TX",48114,32.75122833,-97.08255005,"American","Texas Rangers","76011",2023,2024,2025,"2023 76011",2023,"76011",1677.54142863183,"2023 Arlington",2023,"Arlington",2071.25708309431,-404.095715209777
"130",2022,"ARI",173,74,-12475219.44,3954556.422,2,"Chase Field","Phoenix","AZ",48633,33.44527054,-112.066803,"National","Arizona Diamondbacks","85004",2023,2024,2025,"2023 85004",2023,"85004",1816.35758591582,"2023 Phoenix",2023,"Phoenix",1663.29673759343,138.834406938648
"131",2022,"ATL",243,101,-9402890.843,4014123.028,30,"SunTrust Park","Atlanta","GA",41084,33.89060974,-84.46760559,"National","Atlanta Braves","30339",2023,2024,2025,"2023 30339",2023,"30339",1783.79659993392,"2023 Atlanta",2023,"Atlanta",1874.64738677906,-103.084546701142
"132",2022,"ATL",243,101,-9402890.843,4014123.028,30,"SunTrust Park","Atlanta","GA",41084,33.89060974,-84.46760559,"National","Atlanta Braves","30339",2023,2024,2025,"2023 30339",2023,"30339",1783.79659993392,"2023 Atlanta",2023,"Atlanta",1691.63556857818,78.2017775355921
"133",2022,"CHN",159,74,-9757782.02,5153202.119,23,"Wrigley Field","Chicago","IL",41160,41.94805908,-87.65564728,"National","Chicago Cubs","60613",2023,2024,2025,"2023 60613",2023,"60613",1864.32956368103,"2023 Chicago",2023,"Chicago",1733.57139270399,117.194301521258
"134",2022,"CIN",156,62,-9407216.329,4735605.642,8,"Great American Ballpark","Cincinnati","OH",42319,39.09720993,-84.5064621,"National","Cincinnati Reds","45202",2023,2024,2025,"2023 45202",2023,"45202",1690.36545946735,"2023 Cincinnati",2023,"Cincinnati",1300.03520630028,372.678865865558
"135",2022,"COL",149,68,-11687894.27,4830598.852,5,"Coors Field","Denver","CO",50490,39.75635147,-104.9941406,"National","Colorado Rockies","80205",2023,2024,2025,"2023 80205",2023,"80205",1950.37301104015,"2023 Denver",2023,"Denver",1977.69631113809,-38.585481731619
"136",2022,"MIA",144,69,-8929997.031,2971622.239,28,"Marlins Park","Miami","FL",37000,25.77808952,-80.2195282,"National","Miami Marlins","33125",2023,2024,2025,"2023 33125",2023,"33125",2360.90096458687,"2023 Miami",2023,"Miami",2732.36510280299,-375.611061077217
"137",2022,"MIL",219,86,-9792907.383,5316252.693,11,"American Family Field","Milwaukee","WI",41900,43.02811813,-87.97118378,"National","Milwaukee Brewers","53214",2023,2024,2025,"2023 53214",2023,"53214",1201.67462688749,"2023 Milwaukee",2023,"Milwaukee",1157.78713281332,24.8949464332655
"138",2022,"PHI",205,87,-8367493.542,4852318.158,3,"Citizens Bank Park","Philadelphia","PA",43651,39.90618134,-75.16647339,"National","Philadelphia Phillies","19148",2023,2024,2025,"2023 19148",2023,"19148",1625.71702500079,"2023 Philadelphia",2023,"Philadelphia",1565.65498629234,44.9149996596287
"139",2022,"PIT",158,62,-8906244.649,4931120.362,17,"PNC Park","Pittsburgh","PA",38362,40.44704819,-80.00615692,"National","Pittsburgh Pirates","15212",2023,2024,2025,"2023 15212",2023,"15212",1189.39043990343,"2023 Pittsburgh",2023,"Pittsburgh",1384.59062935068,-212.054361172501
"140",2022,"SDN",153,89,-13041862.42,3856552.673,16,"Petco Park","San Diego","CA",42302,32.70756912,-117.1570435,"National","San Diego Padres","92101",2023,2024,2025,"2023 92101",2023,"92101",2883.53653577082,"2023 San Diego",2023,"San Diego",2985.4644935565,-103.688578628878
"141",2022,"SFN",183,81,-13624358.44,4548168.349,15,"Oracle Park","San Francisco","CA",41915,37.77840042,-122.3896942,"National","San Francisco Giants","94107",2023,2024,2025,"2023 94107",2023,"94107",3465.45368822422,"2023 San Francisco",2023,"San Francisco",3231.95560142491,234.061462969107
"142",2022,"WAS",136,55,-8572424.612,4703503.452,25,"Nationals Park","Washington","DC",41418,38.87305069,-77.00740051,"National","Washington Nationals","20003",2023,2024,2025,"2023 20003",2023,"20003",2482.59290802239,"2023 Washington",2023,"Washington",2196.26777495203,277.123713114542
"143",2023,"BAL",183,101,-8529472.948,4762427.091,14,"Oriole Park at Camden Yards","Baltimore","MD",45363,39.28395081,-76.62155914,"American","Baltimore Orioles","21201",2024,2025,2026,"2024 21201",2024,"21201",1377.9088252518,"2024 Baltimore",2024,"Baltimore",1613.24041719655,-250.029980329295
"144",2023,"CHA",171,61,-9755333.487,5135525.664,22,"Guaranteed Rate Field","Chicago","IL",40615,41.82984924,-87.63365173,"American","Chicago White Sox","60616",2024,2025,2026,"2024 60616",2024,"60616",1883.30707833112,"2024 Chicago",2024,"Chicago",1826.9146738314,43.7086053572205
"145",2023,"CLE",124,76,-9093165.456,5085747.713,9,"Progressive Field","Cleveland","OH",43441,41.49578857,-81.6852951,"American","Cleveland Indians","44115",2024,2025,2026,"2024 44115",2024,"44115",1843.7242768524,"2024 Cleveland",2024,"Cleveland",1320.5345159486,505.731647651015
"146",2023,"DET",165,78,-9244953.258,5211938.088,4,"Comerica Park","Detroit","MI",41681,42.33927917,-83.04882813,"American","Detroit Tigers","48201",2024,2025,2026,"2024 48201",2024,"48201",1457.11410028838,"2024 Detroit",2024,"Detroit",1337.63493235973,102.182282871895
"147",2023,"HOU",222,90,-10614929.87,3472375.532,12,"Minute Maid Park","Houston","TX",40963,29.75717926,-95.35553741,"National","Houston Astros","77002",2024,2025,2026,"2024 77002",2024,"77002",1731.3162501283,"2024 Houston",2024,"Houston",1570.73924834088,145.477898787552
"148",2023,"KCA",163,56,-10517513.42,4729071.198,10,"Kauffman Stadium","Kansas City","MO",37903,39.05163956,-94.4804306,"American","Kansas City Royals","64129",2024,2025,2026,"2024 64129",2024,"64129",1055.77846748211,"2024 Kansas City",2024,"Kansas City",1365.43817711464,-326.694456803981
"149",2023,"LAA",231,73,-13122643.62,4002019.714,1,"Angel Stadium","Anaheim","CA",45050,33.80030823,-117.8827133,"American","Los Angeles Angels","92806",2024,2025,2026,"2024 92806",2024,"92806",2267.98203917122,"2024 Anaheim",2024,"Anaheim",2635.47305561632,-372.551468521064
"150",2023,"MIN",233,87,-10383633.97,5618648.932,26,"Target Field","Minneapolis","MN",39021,44.98175049,-93.277771,"American","Minnesota Twins","55403",2024,2025,2026,"2024 55403",2024,"55403",1374.39554362612,"2024 Minneapolis",2024,"Minneapolis",1681.03336664205,-320.69703778738
"151",2023,"NYA",219,82,-8229431.283,4987244.779,24,"Yankee Stadium","New York","NY",49642,40.82963181,-73.92623901,"American","New York Yankees","10451",2024,2025,2026,"2024 10451",2024,"10451",2900.05685731035,"2024 New York",2024,"New York",3196.10323295894,-295.821027077212
"152",2023,"OAK",171,50,-13603311.08,4544395.79,29,"Oakland–Alameda County Coliseum","Oakland","CA",63026,37.7516098,-122.2006226,"American","Oakland Athletics","94621",2024,2025,2026,"2024 94621",2024,"94621",2478.9832426304,"2024 Oakland",2024,"Oakland",2444.76231716308,27.3623915443324
"153",2023,"TBA",230,99,-9200940.817,3219771.053,21,"Tropicana Field","Saint Petersburg","FL",34078,27.76812553,-82.65345764,"American","Tampa Bay Rays","33705",2024,2025,2026,"2024 33705",2024,"33705",2202.55435990259,"2024 Saint Petersburg",2024,"Saint Petersburg",2093.83781063873,98.5493868390184
"154",2023,"TEX",233,90,-10807180.04,3862330.048,20,"Global Life Park in Arlington","Arlington","TX",48114,32.75122833,-97.08255005,"American","Texas Rangers","76011",2024,2025,2026,"2024 76011",2024,"76011",1679.83736503947,"2024 Arlington",2024,"Arlington",2141.43643805508,-471.317460355238
"155",2023,"ARI",166,84,-12475219.44,3954556.422,2,"Chase Field","Phoenix","AZ",48633,33.44527054,-112.066803,"National","Arizona Diamondbacks","85004",2024,2025,2026,"2024 85004",2024,"85004",1806.66684467528,"2024 Phoenix",2024,"Phoenix",1709.96417813157,82.9162207174235
"156",2023,"ATL",307,104,-9402890.843,4014123.028,30,"SunTrust Park","Atlanta","GA",41084,33.89060974,-84.46760559,"National","Atlanta Braves","30339",2024,2025,2026,"2024 30339",2024,"30339",1762.1495629336,"2024 Atlanta",2024,"Atlanta",1879.82102528641,-129.856443490013
"157",2023,"ATL",307,104,-9402890.843,4014123.028,30,"SunTrust Park","Atlanta","GA",41084,33.89060974,-84.46760559,"National","Atlanta Braves","30339",2024,2025,2026,"2024 30339",2024,"30339",1762.1495629336,"2024 Atlanta",2024,"Atlanta",1638.17774148215,109.508550137265
"158",2023,"CHN",196,83,-9757782.02,5153202.119,23,"Wrigley Field","Chicago","IL",41160,41.94805908,-87.65564728,"National","Chicago Cubs","60613",2024,2025,2026,"2024 60613",2024,"60613",1970.06382359584,"2024 Chicago",2024,"Chicago",1826.9146738314,130.46535062194
"159",2023,"CIN",198,82,-9407216.329,4735605.642,8,"Great American Ballpark","Cincinnati","OH",42319,39.09720993,-84.5064621,"National","Cincinnati Reds","45202",2024,2025,2026,"2024 45202",2024,"45202",1749.44741164869,"2024 Cincinnati",2024,"Cincinnati",1383.00206339552,349.576199019935
"160",2023,"COL",163,59,-11687894.27,4830598.852,5,"Coors Field","Denver","CO",50490,39.75635147,-104.9941406,"National","Colorado Rockies","80205",2024,2025,2026,"2024 80205",2024,"80205",1951.55029337,"2024 Denver",2024,"Denver",2020.2777843041,-79.5882008177306
"161",2023,"MIA",166,84,-8929997.031,2971622.239,28,"Marlins Park","Miami","FL",37000,25.77808952,-80.2195282,"National","Miami Marlins","33125",2024,2025,2026,"2024 33125",2024,"33125",2362.55044783313,"2024 Miami",2024,"Miami",2814.19624820005,-455.021193012916
"162",2023,"MIL",165,92,-9792907.383,5316252.693,11,"American Family Field","Milwaukee","WI",41900,43.02811813,-87.97118378,"National","Milwaukee Brewers","53214",2024,2025,2026,"2024 53214",2024,"53214",1301.51715301396,"2024 Milwaukee",2024,"Milwaukee",1245.82275012733,37.5318832067438
"163",2023,"PHI",220,90,-8367493.542,4852318.158,3,"Citizens Bank Park","Philadelphia","PA",43651,39.90618134,-75.16647339,"National","Philadelphia Phillies","19148",2024,2025,2026,"2024 19148",2024,"19148",1671.26540816157,"2024 Philadelphia",2024,"Philadelphia",1629.96217153682,26.7625062891018
"164",2023,"PIT",159,76,-8906244.649,4931120.362,17,"PNC Park","Pittsburgh","PA",38362,40.44704819,-80.00615692,"National","Pittsburgh Pirates","15212",2024,2025,2026,"2024 15212",2024,"15212",1234.45869822513,"2024 Pittsburgh",2024,"Pittsburgh",1432.5528087579,-214.496079488344
"165",2023,"SDN",205,82,-13041862.42,3856552.673,16,"Petco Park","San Diego","CA",42302,32.70756912,-117.1570435,"National","San Diego Padres","92101",2024,2025,2026,"2024 92101",2024,"92101",2891.43801503127,"2024 San Diego",2024,"San Diego",3062.69357271949,-172.288038068892
"166",2023,"SFN",174,79,-13624358.44,4548168.349,15,"Oracle Park","San Francisco","CA",41915,37.77840042,-122.3896942,"National","San Francisco Giants","94107",2024,2025,2026,"2024 94107",2024,"94107",3491.09435036158,"2024 San Francisco",2024,"San Francisco",3308.23814405706,184.138798687642
"167",2023,"WAS",151,71,-8572424.612,4703503.452,25,"Nationals Park","Washington","DC",41418,38.87305069,-77.00740051,"National","Washington Nationals","20003",2024,2025,2026,"2024 20003",2024,"20003",2541.3145764219,"2024 Washington",2024,"Washington",2258.96430202138,273.739977357382
